id,terrestrial_date,min_temp,max_temp,pressure
1895,2018-02-27,-77,-10,727
1893,2018-02-26,-77,-10,728
1894,2018-02-25,-76,-16,729
1892,2018-02-24,-77,-13,729
1889,2018-02-23,-78,-18,730
1891,2018-02-22,-78,-14,730
1890,2018-02-21,-78,-13,731
1888,2018-02-20,-77,-16,731
1887,2018-02-19,-76,-16,732
1886,2018-02-18,-76,-19,732
1885,2018-02-17,-76,-15,734
1884,2018-02-16,-77,-18,735
1883,2018-02-15,-76,-12,735
1882,2018-02-14,-76,-16,736
1881,2018-02-13,-77,-14,737
1880,2018-02-12,-78,-14,738
1877,2018-02-11,-77,-21,740
1876,2018-02-09,-78,-14,740
1878,2018-02-08,-78,-15,740
1874,2018-02-07,-77,-14,741
1875,2018-02-06,-77,-21,742
1879,2018-02-05,-79,-14,744
1873,2018-02-04,-77,-21,745
1872,2018-02-03,-77,-17,745
1870,2018-02-02,-78,-22,747
1871,2018-02-01,-80,-25,748
1869,2018-01-31,-77,-23,749
1868,2018-01-30,-79,-15,750
1867,2018-01-29,-78,-20,751
1866,2018-01-28,-78,-18,752
1865,2018-01-27,-78,-19,751
1864,2018-01-26,-79,-20,753
1862,2018-01-25,-78,-22,754
1861,2018-01-24,-80,-21,755
1863,2018-01-23,-78,-28,756
1860,2018-01-22,-78,-27,757
1856,2018-01-21,-77,-20,758
1858,2018-01-20,-77,-19,759
1857,2018-01-19,-78,-20,760
1859,2018-01-18,-78,-24,762
1854,2018-01-17,-80,-22,763
1855,2018-01-16,-79,-20,764
1853,2018-01-15,-80,-21,765
1851,2018-01-14,-79,-21,766
1852,2018-01-13,-78,-23,767
1850,2018-01-12,-79,-24,768
1849,2018-01-11,-79,-22,770
1848,2018-01-10,-79,-24,770
1846,2018-01-09,-79,-26,771
1847,2018-01-08,-78,-24,773
1845,2018-01-07,-79,-24,774
1843,2018-01-06,-80,-24,775
1844,2018-01-05,-79,-19,777
1841,2018-01-03,-78,-21,777
1842,2018-01-02,-77,-23,778
1840,2018-01-01,-79,-24,780
1838,2017-12-31,-78,-19,781
1837,2017-12-30,-77,-25,782
1836,2017-12-29,-77,-26,783
1839,2017-12-28,-77,-18,784
1831,2017-12-27,-80,-19,786
1829,2017-12-26,-79,-22,787
1835,2017-12-25,-78,-23,788
1834,2017-12-24,-78,-21,790
1830,2017-12-23,-79,-27,791
1832,2017-12-22,-80,-25,791
1833,2017-12-21,-79,-22,792
1828,2017-12-20,-80,-23,794
1827,2017-12-19,-80,-27,795
1826,2017-12-18,-79,-28,796
1825,2017-12-17,-79,-29,798
1824,2017-12-16,-79,-23,799
1823,2017-12-15,-80,-22,800
1822,2017-12-14,-79,-27,801
1821,2017-12-13,-78,-25,803
1820,2017-12-12,-79,-27,804
1819,2017-12-11,-81,-28,806
1818,2017-12-10,-81,-25,807
1815,2017-12-09,-81,-23,808
1816,2017-12-08,-81,-27,810
1817,2017-12-07,-80,-27,811
1813,2017-12-06,-79,-23,812
1814,2017-12-05,-78,-29,814
1811,2017-12-04,-79,-28,815
1812,2017-12-03,-79,-25,816
1809,2017-12-02,-81,-29,817
1810,2017-12-01,-80,-25,819
1808,2017-11-30,-79,-28,821
1806,2017-11-29,-80,-28,822
1807,2017-11-27,-79,-25,823
1802,2017-11-26,-79,-26,824
1805,2017-11-25,-79,-27,826
1804,2017-11-24,-79,-30,827
1799,2017-11-23,-79,-29,829
1800,2017-11-22,-78,-28,830
1801,2017-11-21,-78,-31,831
1803,2017-11-20,-79,-28,832
1798,2017-11-19,-79,-30,833
1796,2017-11-18,-79,-31,834
1795,2017-11-17,-79,-29,835
1797,2017-11-16,-79,-30,837
1794,2017-11-15,-79,-29,838
1793,2017-11-14,-79,-23,839
1792,2017-11-13,-80,-29,840
1790,2017-11-12,-79,-25,842
1791,2017-11-11,-79,-29,843
1789,2017-11-10,-80,-30,844
1788,2017-11-09,-81,-29,845
1787,2017-11-08,-81,-24,846
1786,2017-11-07,-80,-24,848
1784,2017-11-06,-78,-24,848
1785,2017-11-05,-80,-28,850
1783,2017-11-04,-80,-31,852
1782,2017-11-03,-82,-22,852
1781,2017-11-02,-80,-30,853
1777,2017-11-01,-81,-30,854
1780,2017-10-31,-79,-29,855
1778,2017-10-30,-80,-31,857
1779,2017-10-29,-79,-30,857
1775,2017-10-28,-81,-28,857
1776,2017-10-27,-80,-30,858
1774,2017-10-26,-80,-28,859
1773,2017-10-25,-78,-32,861
1772,2017-10-24,-80,-26,861
1771,2017-10-23,-80,-32,862
1769,2017-10-22,-80,-31,863
1767,2017-10-20,-87,-30,864
1768,2017-10-19,-80,-30,864
1770,2017-10-18,-80,-24,864
1766,2017-10-17,-80,-28,865
1764,2017-10-16,-80,-30,866
1765,2017-10-15,-80,-30,868
1763,2017-10-14,-80,-29,868
1762,2017-10-13,-81,-28,869
1760,2017-10-12,-80,-29,869
1761,2017-10-11,-79,-27,869
1759,2017-10-10,-77,-32,870
1758,2017-10-09,-77,-29,871
1757,2017-10-08,-80,-30,872
1754,2017-10-07,-79,-27,872
1756,2017-10-06,-81,-28,872
1755,2017-10-05,-81,-29,873
1753,2017-10-04,-80,-31,873
1752,2017-10-03,-80,-25,875
1751,2017-10-02,-81,-30,875
1750,2017-10-01,-84,-30,875
1747,2017-09-30,-80,-26,876
1748,2017-09-29,-80,-23,877
1749,2017-09-28,-78,-29,877
1746,2017-09-27,-80,-27,878
1745,2017-09-26,-80,-28,879
1744,2017-09-25,-80,-26,878
1741,2017-09-24,-80,-27,878
1742,2017-09-23,-80,-28,879
1743,2017-09-22,-80,-28,879
1739,2017-09-21,-78,-27,881
1740,2017-09-20,-81,-29,882
1738,2017-09-19,-79,-29,881
1737,2017-09-18,-82,-28,880
1736,2017-09-17,-81,-25,881
1735,2017-09-16,-80,-29,882
1734,2017-09-15,-82,-30,882
1733,2017-09-13,-81,-29,881
1732,2017-09-12,-80,-26,881
1731,2017-09-11,-80,-27,881
1730,2017-09-10,-79,-23,882
1727,2017-09-09,-79,-25,882
1729,2017-09-08,-78,-25,883
1728,2017-09-07,-80,-25,884
1726,2017-09-06,-79,-26,884
1725,2017-09-05,-78,-23,884
1724,2017-09-04,-80,-25,884
1721,2017-09-03,-78,-27,883
1720,2017-09-02,-78,-29,883
1723,2017-09-01,-78,-25,882
1722,2017-08-31,-79,-26,882
1719,2017-08-30,-80,-21,882
1718,2017-08-29,-80,-24,883
1717,2017-08-28,-78,-24,883
1716,2017-08-27,-79,-25,883
1713,2017-08-26,-79,-27,884
1715,2017-08-25,-80,-23,883
1714,2017-08-24,-81,-19,882
1712,2017-08-23,-80,-25,883
1711,2017-08-22,-80,-22,883
1710,2017-08-21,-80,-27,883
1709,2017-08-20,-79,-23,882
1707,2017-08-19,-81,-22,882
1708,2017-08-18,-79,-19,881
1706,2017-08-17,-79,-21,881
1705,2017-08-16,-79,-26,881
1704,2017-08-14,-77,-20,881
1702,2017-08-13,-80,-22,883
1703,2017-08-12,-79,-23,879
1701,2017-08-11,-78,-22,878
1700,2017-08-10,-78,-22,879
1699,2017-08-09,-77,-20,879
1698,2017-08-07,-78,-23,878
1697,2017-08-06,-81,-23,877
1695,2017-08-05,-79,-22,877
1696,2017-08-04,-79,-24,877
1694,2017-08-03,-80,-22,877
1693,2017-08-02,-79,-18,877
1685,2017-08-01,-78,-22,876
1681,2017-07-31,-78,-20,876
1692,2017-07-30,-79,-22,876
1686,2017-07-29,-79,-19,875
1689,2017-07-28,-76,-23,875
1683,2017-07-27,-78,-22,875
1691,2017-07-26,-77,-22,874
1688,2017-07-25,-79,-17,873
1690,2017-07-24,-77,-20,873
1682,2017-07-23,-79,-18,872
1680,2017-07-22,-78,-20,873
1687,2017-07-21,-77,-20,872
1684,2017-07-20,-77,-20,872
1679,2017-07-19,-78,-18,872
1678,2017-07-18,-77,-20,871
1677,2017-07-17,-78,-20,871
1676,2017-07-16,-78,-21,871
1675,2017-07-15,-78,-23,871
1674,2017-07-14,-77,-22,870
1673,2017-07-13,-78,-20,870
1672,2017-07-12,-76,-16,868
1671,2017-07-11,-80,-16,867
1670,2017-07-10,-78,-23,867
1669,2017-07-09,-77,-17,867
1667,2017-07-08,-76,-21,867
1668,2017-07-07,-79,-19,867
1666,2017-07-06,-79,-16,866
1665,2017-07-05,-76,-16,866
1664,2017-07-04,-78,-19,865
1663,2017-07-03,-78,-22,863
1660,2017-07-02,-78,-21,863
1661,2017-06-30,-77,-12,865
1659,2017-06-29,-78,-18,863
1662,2017-06-28,-78,-21,861
1658,2017-06-27,-77,-22,861
1657,2017-06-26,-78,-22,861
1656,2017-06-25,-78,-19,861
1654,2017-06-24,-77,-16,860
1653,2017-06-23,-78,-13,861
1655,2017-06-22,-78,-22,859
1652,2017-06-21,-77,-21,859
1651,2017-06-20,-78,-24,858
1649,2017-06-19,-78,-24,857
1650,2017-06-18,-77,-20,858
1646,2017-06-17,-76,-19,858
1648,2017-06-16,-76,-16,855
1647,2017-06-15,-75,-13,855
1645,2017-06-14,-76,-17,855
1644,2017-06-13,-79,-18,857
1643,2017-06-12,-77,-21,856
1642,2017-06-11,-76,-16,854
1640,2017-06-10,-77,-13,854
1641,2017-06-09,-76,-16,852
1638,2017-06-08,-76,-17,853
1639,2017-06-07,-77,-19,853
1637,2017-06-06,-77,-16,852
1636,2017-06-05,-76,-12,851
1632,2017-06-04,-76,-10,850
1634,2017-06-03,-77,-10,851
1633,2017-06-02,-77,-13,849
1635,2017-06-01,-75,-10,850
1630,2017-05-31,-77,-11,849
1631,2017-05-30,-75,-13,848
1629,2017-05-29,-76,-12,848
1628,2017-05-28,-76,-14,847
1626,2017-05-27,-76,-13,846
1627,2017-05-26,-77,-12,846
1624,2017-05-24,-77,-17,845
1623,2017-05-23,-76,-11,845
1625,2017-05-22,-77,-14,844
1622,2017-05-21,-76,-12,843
1621,2017-05-20,-75,-12,842
1620,2017-05-19,-76,-12,841
1619,2017-05-18,-76,-14,842
1617,2017-05-17,-76,-12,843
1618,2017-05-16,-77,-12,842
1616,2017-05-15,-77,-15,841
1615,2017-05-14,-75,-17,841
1611,2017-05-13,-77,-13,840
1613,2017-05-12,-76,-12,840
1612,2017-05-11,-76,-12,840
1614,2017-05-10,-62,-11,820
1609,2017-05-08,-76,-14,840
1610,2017-05-07,-75,-10,840
1606,2017-05-06,-76,-13,840
1608,2017-05-05,-75,-11,838
1607,2017-05-04,-75,-13,838
1605,2017-05-03,-77,-14,838
1604,2017-05-02,-75,-14,837
1600,2017-05-01,-75,-15,837
1603,2017-04-30,-76,-13,839
1602,2017-04-29,-74,-12,837
1601,2017-04-28,-74,-11,835
1599,2017-04-27,-75,-12,836
1598,2017-04-26,-74,-11,836
1597,2017-04-25,-74,-8,835
1596,2017-04-24,-76,-11,837
1595,2017-04-23,-75,-6,835
1593,2017-04-22,-75,-6,835
1594,2017-04-21,-75,-6,836
1592,2017-04-20,-74,-5,833
1591,2017-04-19,-76,-7,832
1590,2017-04-18,-76,-12,834
1589,2017-04-16,-74,-12,833
1587,2017-04-15,-77,-4,831
1588,2017-04-14,-76,-9,833
1582,2017-04-13,-76,-8,834
1585,2017-04-12,-76,-7,833
1586,2017-04-11,-74,-8,832
1584,2017-04-10,-74,-6,832
1583,2017-04-09,-75,-3,831
1580,2017-04-08,-75,-5,831
1581,2017-04-07,-74,-5,832
1579,2017-04-06,-77,-7,832
1577,2017-04-05,-77,-8,835
1578,2017-04-04,-75,-9,836
1576,2017-04-03,-75,-3,832
1574,2017-04-02,-76,-14,831
1575,2017-04-01,-75,-17,829
1573,2017-03-31,-75,-15,833
1572,2017-03-30,-76,-15,834
1571,2017-03-29,-77,-8,833
1570,2017-03-28,-75,-8,833
1569,2017-03-27,-74,-8,830
1568,2017-03-26,-73,-14,830
1566,2017-03-25,-73,-3,831
1565,2017-03-24,-74,-8,831
1567,2017-03-23,-74,-3,832
1562,2017-03-22,-74,-10,832
1563,2017-03-21,-74,-11,832
1564,2017-03-20,-72,-13,829
1560,2017-03-19,-72,-6,831
1561,2017-03-18,-72,-8,832
1558,2017-03-17,-71,-6,832
1559,2017-03-16,-73,-9,833
1557,2017-03-15,-73,-10,833
1556,2017-03-14,-72,-14,834
1555,2017-03-13,-73,-7,833
1553,2017-03-12,-72,-5,834
1554,2017-03-10,-75,-4,834
1552,2017-03-09,-72,-4,836
1550,2017-03-08,-77,-6,837
1551,2017-03-07,-77,-6,838
1548,2017-03-06,-74,-8,837
1549,2017-03-05,-71,-8,839
1547,2017-03-04,-72,-9,838
1545,2017-03-03,-71,-11,839
1546,2017-03-02,-71,-8,839
1543,2017-03-01,-72,-8,837
1544,2017-02-28,-71,-10,840
1542,2017-02-27,-71,-9,841
1541,2017-02-26,-73,-13,842
1539,2017-02-25,-70,-9,844
1538,2017-02-24,-73,-8,841
1540,2017-02-23,-71,-7,845
1537,2017-02-22,-72,-8,840
1535,2017-02-21,-73,-8,848
1536,2017-02-20,-73,-5,842
1533,2017-02-19,-73,-8,837
1534,2017-02-18,-72,-2,846
1529,2017-02-14,-71,-7,847
1527,2017-02-13,-72,-8,847
1528,2017-02-12,-77,-12,846
1525,2017-02-11,-75,-10,850
1526,2017-02-10,-73,-13,846
1524,2017-02-09,-77,-11,850
1523,2017-02-08,-76,-5,847
1521,2017-02-07,-77,-5,852
1522,2017-02-06,-71,-2,853
1520,2017-02-05,-71,-7,850
1518,2017-02-04,-72,-7,853
1519,2017-02-03,-70,-4,849
1517,2017-02-01,-73,-8,855
1516,2017-01-31,-74,-6,850
1515,2017-01-30,-71,-7,855
1514,2017-01-29,-74,-6,855
1513,2017-01-28,-72,-1,852
1511,2017-01-27,-71,0,857
1512,2017-01-26,-73,-1,852
1509,2017-01-25,-76,-1,860
1510,2017-01-24,-72,-2,857
1507,2017-01-23,-72,0,858
1508,2017-01-22,-73,-1,860
1504,2017-01-21,-72,-1,858
1506,2017-01-20,-76,-2,864
1505,2017-01-19,-77,-2,860
1502,2017-01-18,-75,-4,862
1503,2017-01-17,-74,-1,862
1501,2017-01-16,-72,-1,862
1497,2017-01-15,-72,-2,867
1500,2017-01-14,-73,-3,862
1499,2017-01-13,-74,-5,868
1498,2017-01-12,-72,-3,866
1496,2017-01-11,-72,-1,869
1494,2017-01-10,-73,0,871
1495,2017-01-09,-72,4,868
1493,2017-01-08,-74,-2,872
1489,2017-01-07,-81,-6,869
1490,2017-01-06,-70,-3,873
1491,2017-01-05,-71,-6,873
1492,2017-01-04,-70,-4,873
1488,2017-01-03,-71,-5,876
1486,2017-01-02,-70,-5,872
1487,2017-01-01,-76,-6,876
1480,2016-12-31,-72,-6,874
1481,2016-12-30,-70,-7,877
1483,2016-12-29,-75,-6,879
1479,2016-12-28,-73,-5,877
1485,2016-12-27,-77,-8,877
1482,2016-12-25,-76,-10,877
1484,2016-12-24,-76,-7,879
1476,2016-12-23,-72,-6,880
1475,2016-12-22,-70,-6,883
1478,2016-12-21,-72,-5,883
1477,2016-12-20,-71,-6,883
1473,2016-12-19,-70,-7,882
1474,2016-12-18,-77,-9,884
1470,2016-12-17,-74,-6,886
1471,2016-12-16,-71,0,886
1472,2016-12-15,-71,-1,888
1469,2016-12-14,-76,-2,887
1468,2016-12-13,-76,-8,887
1466,2016-12-12,-75,-8,887
1467,2016-12-11,-73,-7,889
1465,2016-12-10,-73,3,891
1463,2016-12-09,-71,1,894
1464,2016-12-08,-74,-7,896
1462,2016-12-07,-73,-9,895
1461,2016-12-06,-76,-8,895
1460,2016-12-05,-72,-3,896
1459,2016-12-04,-74,-1,896
1457,2016-12-03,-73,-3,898
1458,2016-12-02,-74,-7,900
1456,2016-12-01,-71,-4,901
1455,2016-11-30,-73,-1,900
1454,2016-11-29,-73,-2,898
1453,2016-11-28,-72,-4,896
1448,2016-11-27,-72,-3,900
1447,2016-11-26,-76,-10,900
1452,2016-11-25,-71,-4,899
1451,2016-11-24,-73,3,900
1450,2016-11-23,-72,-4,898
1449,2016-11-22,-71,-6,900
1446,2016-11-21,-72,-2,900
1445,2016-11-20,-74,-2,902
1444,2016-11-18,-76,-4,904
1443,2016-11-17,-77,-10,905
1442,2016-11-16,-71,-2,905
1441,2016-11-15,-71,-1,905
1439,2016-11-14,-73,-2,905
1440,2016-11-13,-72,5,906
1438,2016-11-12,-78,-8,909
1437,2016-11-11,-76,2,911
1436,2016-11-10,-71,4,909
1435,2016-11-09,-76,3,906
1434,2016-11-08,-73,0,906
1433,2016-11-07,-74,-1,907
1432,2016-11-06,-78,0,906
1429,2016-11-05,-77,0,908
1431,2016-11-04,-70,2,908
1430,2016-11-03,-70,3,910
1428,2016-11-02,-70,-2,907
1427,2016-11-01,-70,-3,907
1426,2016-10-31,-71,-1,907
1425,2016-10-30,-69,2,906
1423,2016-10-29,-69,-1,910
1424,2016-10-28,-70,3,909
1422,2016-10-27,-69,0,907
1421,2016-10-26,-69,3,903
1420,2016-10-25,-70,-4,903
1419,2016-10-24,-69,-2,903
1418,2016-10-23,-68,-9,907
1417,2016-10-22,-68,-5,909
1415,2016-10-21,-72,-8,906
1416,2016-10-20,-71,-7,903
1414,2016-10-19,-70,-8,904
1413,2016-10-18,-70,-11,905
1412,2016-10-17,-68,-10,910
1409,2016-10-16,-69,-8,906
1411,2016-10-15,-66,-10,904
1410,2016-10-14,-68,-8,903
1408,2016-10-12,-69,-6,902
1407,2016-10-11,-68,-5,901
1406,2016-10-10,-71,-1,901
1405,2016-10-09,-71,3,899
1404,2016-10-08,-68,4,895
1402,2016-10-07,-68,1,892
1403,2016-10-06,-68,2,893
1401,2016-10-05,-70,1,893
1400,2016-10-04,-68,1,893
1398,2016-10-03,-66,3,890
1399,2016-10-02,-68,1,887
1397,2016-10-01,-72,0,888
1395,2016-09-30,-69,2,888
1396,2016-09-29,-72,2,890
1394,2016-09-28,-68,2,889
1393,2016-09-27,-67,4,881
1390,2016-09-26,-68,5,879
1392,2016-09-25,-71,4,880
1391,2016-09-24,-70,1,879
1389,2016-09-23,-72,1,881
1388,2016-09-22,-70,5,879
1387,2016-09-21,-69,-4,877
1386,2016-09-20,-67,-6,873
1385,2016-09-19,-68,-3,870
1384,2016-09-18,-71,-6,871
1383,2016-09-17,-68,-1,871
1381,2016-09-16,-68,-5,871
1382,2016-09-15,-69,-7,870
1380,2016-09-14,-70,-4,865
1379,2016-09-13,-71,-2,861
1378,2016-09-12,-69,-1,859
1375,2016-09-11,-69,-5,860
1376,2016-09-10,-69,-1,859
1377,2016-09-09,-70,-4,858
1374,2016-09-08,-69,3,854
1372,2016-09-07,-73,5,850
1373,2016-09-06,-74,5,845
1371,2016-09-04,-71,5,842
1370,2016-09-03,-69,5,842
1368,2016-09-02,-71,5,841
1369,2016-09-01,-69,5,841
1367,2016-08-31,-74,4,841
1366,2016-08-30,-70,6,841
1365,2016-08-29,-69,1,836
1364,2016-08-28,-69,8,833
1363,2016-08-27,-69,7,831
1362,2016-08-26,-68,0,829
1361,2016-08-25,-74,10,828
1359,2016-08-24,-70,4,828
1360,2016-08-23,-71,5,828
1358,2016-08-22,-68,11,823
1357,2016-08-21,-71,7,821
1354,2016-08-20,-72,4,825
1355,2016-08-19,-71,4,823
1356,2016-08-18,-70,0,818
1353,2016-08-17,-70,6,818
1352,2016-08-16,-71,7,813
1350,2016-08-15,-69,7,811
1351,2016-08-14,-69,5,810
1349,2016-08-13,-70,4,810
1348,2016-08-12,-72,4,808
1347,2016-08-11,-72,8,807
1346,2016-08-10,-71,-6,803
1345,2016-08-09,-72,-8,804
1344,2016-08-08,-72,-8,803
1341,2016-08-07,-71,-9,800
1342,2016-08-06,-72,-9,798
1343,2016-08-05,-72,-9,797
1340,2016-08-04,-71,-8,793
1339,2016-08-03,-73,-7,793
1338,2016-08-02,-73,-9,793
1337,2016-08-01,-70,-8,791
1335,2016-07-31,-72,5,791
1334,2016-07-29,-72,8,787
1336,2016-07-28,-73,7,785
1332,2016-07-27,-72,5,784
1333,2016-07-26,-78,4,784
1331,2016-07-25,-72,6,782
1330,2016-07-24,-72,7,782
1326,2016-07-23,-74,-9,781
1327,2016-07-22,-75,-10,779
1329,2016-07-21,-74,-9,779
1328,2016-07-20,-76,-9,775
1325,2016-07-19,-75,-2,775
1324,2016-07-18,-75,-10,774
1323,2016-07-17,-75,-9,771
1320,2016-07-16,-75,-11,771
1321,2016-07-15,-73,-4,770
1322,2016-07-14,-73,3,770
1319,2016-07-13,-73,1,770
1318,2016-07-12,-66,3,751
1317,2016-07-02,-73,4,756
1316,2016-07-01,-74,2,755
1315,2016-06-30,-74,-1,755
1314,2016-06-29,-75,-3,755
1313,2016-06-28,-74,2,753
1312,2016-06-27,-73,3,752
1310,2016-06-26,-76,-4,752
1309,2016-06-25,-73,-8,751
1311,2016-06-24,-74,-7,751
1307,2016-06-23,-77,-7,751
1308,2016-06-21,-76,1,751
1306,2016-06-20,-76,1,749
1305,2016-06-19,-75,0,749
1304,2016-06-18,-73,-2,749
1302,2016-06-17,-75,-5,748
1303,2016-06-16,-74,-3,746
1300,2016-06-15,-74,-4,745
1301,2016-06-14,-75,-2,746
1298,2016-06-13,-74,-1,744
1299,2016-06-12,-73,1,742
1297,2016-06-11,-74,-16,743
1296,2016-06-10,-74,-14,743
1295,2016-06-09,-75,-15,740
1294,2016-06-08,-74,-15,739
1293,2016-06-07,-74,-16,740
1292,2016-06-06,-75,-14,740
1291,2016-06-05,-74,-17,739
1290,2016-06-04,-75,-16,739
1289,2016-06-03,-76,-16,739
1288,2016-06-02,-76,-13,739
1287,2016-06-01,-74,-16,738
1285,2016-05-31,-72,-16,738
1286,2016-05-30,-74,-5,739
1284,2016-05-29,-75,-11,740
1282,2016-05-28,-75,-5,739
1281,2016-05-27,-76,-6,737
1283,2016-05-26,-73,-6,736
1280,2016-05-25,-72,-12,739
1279,2016-05-24,-73,-9,738
1278,2016-05-23,-73,-9,737
1275,2016-05-22,-76,-15,735
1277,2016-05-21,-75,-16,736
1274,2016-05-20,-75,-16,737
1276,2016-05-19,-75,-19,735
1273,2016-05-18,-75,-14,734
1272,2016-05-17,-74,-8,735
1271,2016-05-15,-80,-7,735
1270,2016-05-14,-76,-9,735
1269,2016-05-13,-76,-15,734
1268,2016-05-12,-77,-18,733
1267,2016-05-11,-75,-18,734
1266,2016-05-10,-76,-13,734
1265,2016-05-09,-75,-12,732
1264,2016-05-08,-77,-10,732
1261,2016-05-07,-77,-12,732
1263,2016-05-06,-76,-18,733
1262,2016-05-05,-78,-11,734
1260,2016-05-04,-76,-19,734
1259,2016-05-03,-78,-14,734
1258,2016-05-02,-74,-15,735
1257,2016-05-01,-77,-12,735
1255,2016-04-30,-76,-11,736
1254,2016-04-29,-77,-15,738
1256,2016-04-28,-78,-14,738
1253,2016-04-27,-78,-9,738
1252,2016-04-26,-77,-11,738
1251,2016-04-25,-78,-10,740
1249,2016-04-24,-77,-15,740
1250,2016-04-23,-77,-11,741
1248,2016-04-22,-78,-8,742
1247,2016-04-21,-80,-15,743
1246,2016-04-20,-80,-15,743
1245,2016-04-19,-80,-20,744
1244,2016-04-18,-77,-14,744
1242,2016-04-17,-78,-14,744
1241,2016-04-16,-77,-14,745
1243,2016-04-15,-77,-12,745
1240,2016-04-14,-78,-11,745
1239,2016-04-13,-76,-15,745
1238,2016-04-12,-81,-19,747
1237,2016-04-11,-81,-23,748
1236,2016-04-10,-80,-27,748
1234,2016-04-08,-79,-23,748
1235,2016-04-07,-80,-21,749
1233,2016-04-06,-80,-22,750
1232,2016-04-05,-78,-26,751
1231,2016-04-04,-80,-24,751
1230,2016-04-03,-78,-20,752
1227,2016-04-02,-79,-16,752
1228,2016-04-01,-80,-19,753
1229,2016-03-31,-79,-17,755
1225,2016-03-30,-80,-24,755
1226,2016-03-29,-79,-25,756
1224,2016-03-28,-79,-20,757
1223,2016-03-27,-79,-16,758
1221,2016-03-26,-81,-21,758
1222,2016-03-25,-81,-22,760
1220,2016-03-24,-80,-21,760
1219,2016-03-21,-80,-16,763
1218,2016-03-20,-80,-18,764
1215,2016-03-19,-80,-19,765
1217,2016-03-18,-80,-13,766
1216,2016-03-17,-80,-21,767
1214,2016-03-16,-82,-20,767
1213,2016-03-15,-81,-16,768
1212,2016-03-14,-83,-22,769
1211,2016-03-13,-84,-23,771
1209,2016-03-12,-83,-29,772
1210,2016-03-11,-83,-29,773
1208,2016-03-10,-84,-28,774
1207,2016-03-09,-83,-20,774
1206,2016-03-08,-82,-17,775
1205,2016-03-07,-82,-17,777
1204,2016-03-06,-79,-19,778
1203,2016-03-05,-81,-23,780
1202,2016-03-04,-84,-22,781
1200,2016-03-03,-82,-18,782
1201,2016-03-01,-83,-17,782
1199,2016-02-29,-83,-24,784
1198,2016-02-28,-83,-24,786
1196,2016-02-27,-82,-27,787
1197,2016-02-26,-81,-28,787
1195,2016-02-25,-84,-27,787
1194,2016-02-24,-84,-29,788
1193,2016-02-23,-81,-29,790
1192,2016-02-22,-81,-25,790
1191,2016-02-21,-83,-23,792
1190,2016-02-20,-84,-25,794
1189,2016-02-19,-83,-23,794
1188,2016-02-18,-84,-21,794
1186,2016-02-17,-84,-27,797
1187,2016-02-16,-84,-25,798
1183,2016-02-15,-84,-29,799
1181,2016-02-14,-85,-26,800
1184,2016-02-13,-85,-31,802
1185,2016-02-12,-85,-27,803
1182,2016-02-11,-85,-28,804
1180,2016-02-10,-85,-32,806
1179,2016-02-09,-86,-23,807
1177,2016-02-08,-85,-25,809
1178,2016-02-07,-85,-25,810
1176,2016-02-06,-86,-26,811
1175,2016-02-05,-85,-26,812
1174,2016-02-04,-86,-26,814
1173,2016-02-03,-87,-26,815
1172,2016-02-02,-87,-28,816
1171,2016-02-01,-87,-24,816
1168,2016-01-31,-89,-26,818
1167,2016-01-30,-87,-26,819
1169,2016-01-29,-88,-29,820
1170,2016-01-28,-87,-26,822
1165,2016-01-27,-88,-28,824
1166,2016-01-26,-88,-26,824
1164,2016-01-24,-88,-27,826
1163,2016-01-23,-88,-28,827
1162,2016-01-22,-88,-26,828
1161,2016-01-21,-88,-26,830
1160,2016-01-20,-88,-26,831
1159,2016-01-19,-88,-28,832
1158,2016-01-18,-88,-26,833
1157,2016-01-17,-87,-24,835
1156,2016-01-16,-87,-28,836
1154,2016-01-15,-88,-29,837
1155,2016-01-14,-88,-26,839
1153,2016-01-13,-87,-28,840
1152,2016-01-12,-87,-28,841
1151,2016-01-11,-87,-28,842
1150,2016-01-10,-87,-27,844
1149,2016-01-09,-86,-32,845
1148,2016-01-08,-88,-27,846
1147,2016-01-07,-86,-28,847
1146,2016-01-06,-85,-27,848
1144,2016-01-05,-85,-24,849
1145,2016-01-04,-84,-27,851
1143,2016-01-03,-86,-28,851
1142,2016-01-02,-83,-22,853
1140,2016-01-01,-85,-23,854
1141,2015-12-31,-85,-24,855
1139,2015-12-30,-85,-24,857
1138,2015-12-29,-85,-25,858
1137,2015-12-28,-85,-24,859
1134,2015-12-27,-86,-26,861
1135,2015-12-26,-84,-25,862
1136,2015-12-25,-85,-23,863
1133,2015-12-24,-85,-22,864
1132,2015-12-23,-85,-29,866
1131,2015-12-22,-84,-27,866
1130,2015-12-21,-86,-29,868
1128,2015-12-20,-86,-23,868
1127,2015-12-18,-85,-26,869
1129,2015-12-17,-86,-27,871
1126,2015-12-16,-86,-32,872
1125,2015-12-15,-84,-29,873
1124,2015-12-14,-84,-28,875
1123,2015-12-13,-86,-24,876
1122,2015-12-12,-87,-28,876
1121,2015-12-11,-87,-29,877
1120,2015-12-10,-87,-24,879
1119,2015-12-09,-90,-31,881
1118,2015-12-08,-84,-29,881
1117,2015-12-07,-86,-28,881
1116,2015-12-06,-84,-24,881
1115,2015-12-05,-85,-28,882
1113,2015-12-04,-86,-26,883
1114,2015-12-03,-85,-29,884
1112,2015-12-02,-86,-24,885
1111,2015-12-01,-86,-27,886
1110,2015-11-30,-85,-25,887
1109,2015-11-29,-86,-26,888
1108,2015-11-28,-84,-27,888
1107,2015-11-27,-84,-31,890
1106,2015-11-26,-85,-23,890
1105,2015-11-25,-85,-25,891
1103,2015-11-24,-87,-31,892
1104,2015-11-23,-87,-26,892
1099,2015-11-22,-87,-29,892
1101,2015-11-21,-85,-31,893
1100,2015-11-20,-89,-32,894
1102,2015-11-19,-84,-29,894
1098,2015-11-18,-84,-25,894
1097,2015-11-17,-84,-31,895
1096,2015-11-16,-84,-35,897
1095,2015-11-15,-86,-35,896
1094,2015-11-14,-86,-29,896
1093,2015-11-13,-84,-27,897
1092,2015-11-12,-83,-26,898
1091,2015-11-10,-80,-28,899
1090,2015-11-09,-82,-28,898
1089,2015-11-08,-82,-28,898
1087,2015-11-07,-82,-32,900
1085,2015-11-06,-84,-30,900
1084,2015-11-05,-84,-26,900
1088,2015-11-04,-84,-29,900
1083,2015-11-03,-82,-31,900
1086,2015-11-02,-80,-30,901
1082,2015-11-01,-82,-31,901
1081,2015-10-31,-82,-29,902
1079,2015-10-30,-81,-23,902
1080,2015-10-29,-80,-28,901
1078,2015-10-28,-80,-29,901
1077,2015-10-27,-82,-28,902
1076,2015-10-26,-82,-29,903
1075,2015-10-25,-82,-28,902
1074,2015-10-24,-82,-29,901
1073,2015-10-23,-82,-23,902
1072,2015-10-22,-82,-28,902
1071,2015-10-21,-81,-26,901
1070,2015-10-20,-80,-25,901
1067,2015-10-19,-82,-29,901
1068,2015-10-18,-81,-26,901
1066,2015-10-17,-82,-23,901
1069,2015-10-16,-81,-27,901
1065,2015-10-15,-80,-27,902
1064,2015-10-14,-82,-26,902
1063,2015-10-13,-82,-27,902
1062,2015-10-12,-81,-28,902
1061,2015-10-11,-81,-25,902
1060,2015-10-10,-80,-23,902
1059,2015-10-09,-79,-27,902
1058,2015-10-08,-80,-27,901
1057,2015-10-07,-79,-21,901
1056,2015-10-06,-79,-22,900
1055,2015-10-04,-80,-26,900
1054,2015-10-03,-79,-27,900
1053,2015-10-02,-79,-26,901
1052,2015-10-01,-81,-25,901
1051,2015-09-30,-80,-24,900
1050,2015-09-29,-81,-22,899
1049,2015-09-28,-80,-25,898
1048,2015-09-27,-79,-25,898
1046,2015-09-26,-79,-26,898
1047,2015-09-25,-80,-21,897
1045,2015-09-24,-79,-25,896
1044,2015-09-23,-79,-24,895
1043,2015-09-22,-80,-24,895
1042,2015-09-21,-79,-26,896
1041,2015-09-20,-81,-25,895
1039,2015-09-19,-82,-26,895
1038,2015-09-18,-78,-25,895
1040,2015-09-17,-79,-24,893
1037,2015-09-16,-82,-22,893
1036,2015-09-15,-78,-25,892
1035,2015-09-14,-79,-25,893
1033,2015-09-13,-81,-26,893
1032,2015-09-12,-84,-25,892
1034,2015-09-11,-80,-23,891
1031,2015-09-10,-79,-22,890
1030,2015-09-09,-78,-24,891
1029,2015-09-08,-77,-26,890
1028,2015-09-07,-78,-27,889
1025,2015-09-06,-79,-24,888
1027,2015-09-05,-79,-24,888
1026,2015-09-04,-80,-20,888
1024,2015-09-03,-77,-21,887
1023,2015-09-02,-79,-23,886
1022,2015-09-01,-77,-21,886
1021,2015-08-31,-78,-20,886
1018,2015-08-30,-76,-19,885
1020,2015-08-29,-77,-19,885
1019,2015-08-27,-78,-19,885
1016,2015-08-26,-77,-25,885
1017,2015-08-25,-79,-23,886
1015,2015-08-24,-78,-22,885
1014,2015-08-23,-80,-20,883
1012,2015-08-22,-79,-17,882
1011,2015-08-21,-77,-18,882
1013,2015-08-20,-77,-17,882
1010,2015-08-19,-80,-21,882
1009,2015-08-18,-80,-18,881
1008,2015-08-17,-79,-16,880
1007,2015-08-16,-81,-14,880
1006,2015-08-15,-77,-13,879
1005,2015-08-14,-77,-14,878
1004,2015-08-13,-82,-15,879
1003,2015-08-12,-78,-15,879
1002,2015-08-11,-78,-16,878
1001,2015-08-10,-80,-14,877
999,2015-08-09,-77,-22,876
1000,2015-08-08,-76,-23,874
998,2015-08-07,-79,-24,875
997,2015-08-06,-78,-14,875
995,2015-08-05,-78,-19,873
996,2015-08-04,-77,-22,871
994,2015-08-03,-79,-19,871
991,2015-08-02,-77,-24,871
993,2015-08-01,-77,-23,871
992,2015-07-31,-78,-16,870
990,2015-07-30,-78,-20,870
989,2015-07-29,-78,-22,868
988,2015-07-28,-78,-22,867
986,2015-07-27,-76,-21,868
987,2015-07-26,-77,-20,868
985,2015-07-25,-77,-11,867
984,2015-07-24,-79,-11,865
982,2015-07-23,-78,-12,865
983,2015-07-21,-76,-20,864
981,2015-07-20,-76,-22,863
980,2015-07-19,-75,-21,864
976,2015-07-18,-78,-15,864
977,2015-07-17,-77,-14,863
979,2015-07-16,-77,-12,862
978,2015-07-15,-80,-13,861
975,2015-07-14,-79,-20,860
974,2015-07-13,-77,-20,860
973,2015-07-12,-76,-20,859
971,2015-07-11,-77,-22,859
972,2015-07-10,-77,-21,858
970,2015-07-09,-77,-21,857
969,2015-07-08,-76,-21,858
968,2015-07-07,-80,-21,856
967,2015-07-06,-76,-17,856
966,2015-07-05,-77,-12,857
964,2015-07-04,-76,-14,859
965,2015-07-03,-77,-14,856
962,2015-07-02,-74,-16,854
963,2015-07-01,-76,-15,854
961,2015-06-30,-77,-15,855
959,2015-06-29,-75,-14,856
960,2015-06-28,-75,-15,853
957,2015-06-26,-78,-16,851
958,2015-06-25,-74,-14,851
945,2015-06-24,-76,-15,851
943,2015-06-23,-76,-15,851
944,2015-06-22,-75,-12,852
942,2015-06-21,-76,-14,850
938,2015-06-20,-63,-12,832
954,2015-06-19,-81,-14,849
956,2015-06-18,-79,-15,850
955,2015-06-17,-78,-12,850
952,2015-06-16,-76,-11,847
951,2015-06-14,-75,-13,847
950,2015-06-13,-77,-14,846
953,2015-06-12,-80,-12,846
949,2015-06-11,-81,-16,846
948,2015-06-10,-78,-12,845
947,2015-06-09,-74,-11,846
946,2015-06-08,-75,-12,845
940,2015-06-07,-79,-12,844
937,2015-06-06,-79,-12,845
941,2015-06-05,-78,-13,844
939,2015-06-04,-75,-12,843
935,2015-06-03,-74,-9,842
934,2015-06-02,-74,-10,843
936,2015-06-01,-77,-12,844
933,2015-05-31,-79,-12,843
932,2015-05-30,-74,-12,841
931,2015-05-28,-73,-8,842
930,2015-05-27,-74,-13,843
928,2015-05-26,-72,-4,842
929,2015-05-25,-74,-4,842
925,2015-05-24,-79,-5,842
927,2015-05-23,-73,-8,840
924,2015-05-22,-73,-6,842
926,2015-05-21,-73,-3,840
923,2015-05-20,-76,-1,839
921,2015-05-19,-74,-10,841
922,2015-05-18,-75,-10,840
920,2015-05-17,-74,-7,839
919,2015-05-16,-74,-1,840
918,2015-05-15,-78,-5,840
915,2015-05-14,-74,-6,840
916,2015-05-13,-76,-6,840
917,2015-05-12,-74,-4,840
914,2015-05-11,-73,-3,841
911,2015-05-10,-73,1,840
912,2015-05-09,-79,-4,841
913,2015-05-07,-73,-2,842
910,2015-05-06,-75,-4,841
909,2015-05-05,-75,-6,842
908,2015-05-04,-73,-3,843
907,2015-05-03,-73,-3,842
905,2015-05-02,-72,-4,844
904,2015-05-01,-73,-3,847
906,2015-04-30,-71,-3,848
903,2015-04-29,-71,-4,849
902,2015-04-28,-72,-2,844
901,2015-04-27,-71,-3,848
899,2015-04-26,-74,-2,844
900,2015-04-25,-73,-12,850
898,2015-04-24,-75,-10,847
897,2015-04-23,-72,-13,847
896,2015-04-22,-71,-5,850
894,2015-04-21,-73,-2,845
895,2015-04-20,-71,-3,849
893,2015-04-19,-76,-8,846
891,2015-04-18,-78,-4,846
892,2015-04-17,-74,-9,848
889,2015-04-13,-73,-3,847
887,2015-04-12,-71,-5,847
886,2015-04-11,-69,-6,847
888,2015-04-10,-75,-4,849
885,2015-04-09,-73,0,850
884,2015-04-08,-72,-4,851
883,2015-04-07,-73,-8,854
882,2015-04-06,-70,-3,853
879,2015-04-05,-77,-2,850
881,2015-04-04,-72,-1,851
878,2015-04-03,-70,0,852
877,2015-04-02,-73,-1,854
880,2015-03-31,-74,-1,857
875,2015-03-30,-74,0,857
876,2015-03-29,-73,-2,861
874,2015-03-26,-73,0,863
871,2015-03-25,-72,-3,865
872,2015-03-24,-75,-2,862
870,2015-03-23,-73,1,858
869,2015-03-22,-71,-4,863
866,2015-03-21,-71,1,859
867,2015-03-20,-69,-1,864
868,2015-03-19,-75,-1,865
865,2015-03-18,-75,0,866
864,2015-03-17,-72,0,862
863,2015-03-16,-76,-2,862
862,2015-03-15,-76,1,864
860,2015-03-14,-71,-2,862
861,2015-03-13,-74,-1,867
859,2015-03-12,-72,-5,867
858,2015-03-11,-73,-2,870
857,2015-03-10,-70,2,867
856,2015-03-09,-72,-2,868
855,2015-03-08,-74,-3,870
853,2015-03-07,-71,0,867
854,2015-03-06,-76,-1,871
852,2015-03-05,-71,-5,872
851,2015-03-04,-71,-4,878
850,2015-03-03,-71,0,874
848,2015-03-02,-71,-4,871
849,2015-03-01,-75,-4,875
846,2015-02-28,-70,0,874
847,2015-02-27,-73,0,878
845,2015-02-26,-70,-2,878
844,2015-02-25,-71,-3,883
842,2015-02-24,-75,-1,879
843,2015-02-22,-76,-3,878
840,2015-02-21,-71,-2,880
841,2015-02-20,-71,0,878
839,2015-02-19,-71,-2,882
838,2015-02-18,-68,0,883
837,2015-02-17,-71,-2,885
836,2015-02-16,-70,1,883
835,2015-02-15,-75,-1,881
834,2015-02-14,-72,2,883
832,2015-02-13,-72,5,884
833,2015-02-12,-70,1,888
831,2015-02-11,-72,-4,889
830,2015-02-10,-75,-4,891
829,2015-02-09,-72,2,890
828,2015-02-08,-71,-3,892
827,2015-02-07,-72,-3,892
826,2015-02-06,-72,-4,892
825,2015-02-05,-70,2,895
824,2015-02-04,-70,-5,896
822,2015-02-03,-73,-4,897
823,2015-02-02,-73,-6,894
819,2015-02-01,-71,-4,895
821,2015-01-31,-71,-5,897
820,2015-01-30,-74,-4,897
818,2015-01-29,-76,-6,901
817,2015-01-28,-73,-4,899
815,2015-01-19,-72,1,902
814,2015-01-18,-70,-7,903
813,2015-01-17,-74,-6,909
812,2015-01-15,-72,-4,906
811,2015-01-14,-71,-4,908
810,2015-01-13,-71,-2,910
809,2015-01-12,-71,-4,911
808,2015-01-11,-70,-5,913
806,2015-01-10,-70,-1,914
805,2015-01-09,-72,-13,916
807,2015-01-08,-70,-2,917
804,2015-01-07,-70,-7,917
803,2015-01-06,-69,-8,916
802,2015-01-05,-72,-8,915
800,2015-01-04,-73,-6,913
801,2015-01-03,-76,0,911
795,2015-01-02,-68,-3,912
799,2015-01-01,-69,0,912
798,2014-12-31,-66,3,910
796,2014-12-30,-67,0,913
797,2014-12-29,-73,-3,916
794,2014-12-28,-68,-6,919
789,2014-12-27,-68,-1,918
787,2014-12-26,-69,-1,918
792,2014-12-25,-69,-4,918
791,2014-12-24,-69,-8,918
785,2014-12-23,-74,-7,925
786,2014-12-22,-73,0,920
788,2014-12-21,-68,5,917
793,2014-12-20,-69,1,916
790,2014-12-19,-69,-6,914
784,2014-12-18,-75,-7,914
783,2014-12-17,-74,-4,913
781,2014-12-16,-70,-1,917
782,2014-12-15,-69,-1,917
779,2014-12-14,-69,4,916
778,2014-12-13,-69,-1,916
780,2014-12-12,-69,-1,917
777,2014-12-11,-68,-3,918
776,2014-12-09,-69,-1,923
775,2014-12-08,-68,-2,924
774,2014-12-07,-68,-6,920
772,2014-12-06,-68,-1,918
773,2014-12-05,-71,-2,914
771,2014-12-04,-71,-1,914
769,2014-12-03,-68,0,911
770,2014-12-02,-68,0,914
767,2014-12-01,-67,1,914
768,2014-11-30,-67,2,914
766,2014-11-29,-69,0,912
764,2014-11-28,-71,1,911
762,2014-11-27,-68,2,910
765,2014-11-26,-68,-1,910
763,2014-11-25,-71,0,913
760,2014-11-24,-68,0,914
761,2014-11-23,-69,0,913
758,2014-11-22,-74,-7,909
759,2014-11-21,-69,-8,905
757,2014-11-20,-68,-3,902
756,2014-11-19,-67,2,904
755,2014-11-18,-75,3,902
754,2014-11-17,-71,-6,900
751,2014-11-16,-69,3,897
753,2014-11-15,-70,-2,895
752,2014-11-14,-67,7,893
749,2014-11-13,-71,1,892
750,2014-11-12,-69,2,893
748,2014-11-11,-70,1,893
747,2014-11-10,-73,0,891
744,2014-11-09,-69,0,888
745,2014-11-08,-69,7,887
746,2014-11-07,-70,3,884
742,2014-11-06,-67,-2,884
743,2014-11-05,-70,-4,884
741,2014-11-04,-67,0,883
740,2014-11-03,-65,-1,879
737,2014-11-01,-65,1,877
738,2014-10-31,-68,1,875
739,2014-10-30,-68,-5,874
736,2014-10-29,-71,0,877
735,2014-10-28,-71,0,873
734,2014-10-27,-70,0,867
733,2014-10-26,-68,2,864
730,2014-10-25,-68,-4,862
731,2014-10-24,-68,-5,862
732,2014-10-23,-73,-7,860
729,2014-10-22,-74,-4,861
728,2014-10-21,-74,-1,858
726,2014-10-20,-69,-4,857
727,2014-10-19,-69,6,853
724,2014-10-18,-71,9,854
725,2014-10-17,-74,-5,849
723,2014-10-16,-72,0,852
722,2014-10-15,-71,6,845
721,2014-10-14,-70,6,846
720,2014-10-13,-72,8,841
718,2014-10-12,-72,5,841
717,2014-10-11,-71,3,838
719,2014-10-10,-73,1,838
716,2014-10-09,-70,8,838
715,2014-10-08,-71,8,835
714,2014-10-07,-71,9,836
713,2014-10-06,-70,2,829
711,2014-10-05,-73,4,829
712,2014-10-04,-73,2,826
710,2014-10-03,-71,9,824
709,2014-10-02,-70,8,824
708,2014-10-01,-73,5,820
707,2014-09-30,-73,4,821
706,2014-09-29,-78,6,817
703,2014-09-28,-75,7,814
705,2014-09-27,-72,7,814
704,2014-09-25,-70,11,810
702,2014-09-24,-77,8,809
701,2014-09-23,-71,3,810
700,2014-09-22,-73,5,807
699,2014-09-21,-73,3,806
697,2014-09-20,-74,2,806
696,2014-09-19,-73,6,802
698,2014-09-18,-73,8,800
694,2014-09-17,-71,-3,798
695,2014-09-16,-72,-6,797
693,2014-09-15,-72,4,796
692,2014-09-14,-73,3,794
690,2014-09-13,-71,5,791
691,2014-09-12,-73,6,789
688,2014-09-11,-76,2,788
689,2014-09-10,-74,1,787
687,2014-09-09,-75,-2,786
686,2014-09-08,-72,0,786
684,2014-09-07,-72,0,784
683,2014-09-06,-70,-1,784
685,2014-09-05,-76,-2,782
682,2014-09-04,-77,-1,779
681,2014-09-03,-75,0,778
680,2014-09-02,-74,3,777
679,2014-09-01,-76,0,776
678,2014-08-31,-73,1,776
675,2014-08-30,-73,-3,776
674,2014-08-29,-74,-2,773
677,2014-08-28,-75,-8,773
673,2014-08-27,-75,-4,771
676,2014-08-26,-76,3,770
672,2014-08-25,-75,3,768
670,2014-08-24,-74,1,766
671,2014-08-23,-76,1,766
668,2014-08-22,-75,1,766
669,2014-08-21,-73,-5,764
667,2014-08-19,-74,1,763
666,2014-08-18,-73,2,761
665,2014-08-17,-74,1,760
664,2014-08-16,-73,-5,761
663,2014-08-15,-74,-1,760
662,2014-08-14,-77,-1,758
660,2014-08-13,-77,3,757
661,2014-08-12,-76,5,756
659,2014-08-11,-75,2,755
657,2014-08-10,-73,2,755
655,2014-08-09,-76,2,754
656,2014-08-08,-76,-12,754
658,2014-08-07,-77,-10,752
654,2014-08-06,-75,-11,751
653,2014-08-05,-77,-12,751
652,2014-08-04,-73,-11,750
649,2014-08-03,-76,1,749
651,2014-08-02,-76,1,749
650,2014-08-01,-76,0,748
648,2014-07-31,-76,-9,746
647,2014-07-30,-75,-5,747
646,2014-07-29,-75,-6,747
645,2014-07-28,-76,-2,745
644,2014-07-27,-77,-1,745
643,2014-07-26,-75,-2,745
642,2014-07-25,-76,-2,744
641,2014-07-24,-77,-3,743
640,2014-07-23,-74,-4,743
639,2014-07-22,-75,-2,743
638,2014-07-21,-76,-1,741
635,2014-07-20,-75,-1,740
636,2014-07-19,-76,-2,741
637,2014-07-18,-76,-4,742
634,2014-07-17,-76,-8,741
633,2014-07-16,-77,-7,741
632,2014-07-15,-76,-6,742
631,2014-07-14,-77,-5,741
630,2014-07-12,-77,-2,739
629,2014-07-11,-76,-4,738
628,2014-07-10,-77,-2,740
627,2014-07-09,-75,-9,741
626,2014-07-08,-79,-7,741
625,2014-07-07,-77,-16,739
623,2014-07-06,-79,-17,738
620,2014-07-05,-76,-15,740
624,2014-07-04,-77,-13,738
621,2014-07-03,-77,-17,739
622,2014-07-02,-78,-12,737
619,2014-07-01,-80,-17,738
618,2014-06-30,-80,-12,740
617,2014-06-29,-80,-17,739
616,2014-06-28,-78,-16,738
615,2014-06-27,-78,-16,739
614,2014-06-26,-79,-15,740
612,2014-06-25,-79,-7,737
613,2014-06-24,-84,-4,735
611,2014-06-23,-75,-4,734
606,2014-06-22,-76,-7,736
608,2014-06-21,-77,-7,736
610,2014-06-20,-78,-4,735
607,2014-06-19,-78,-8,732
609,2014-06-18,-77,-10,734
605,2014-06-17,-77,-11,735
604,2014-06-16,-76,-10,735
601,2014-06-15,-78,-12,735
603,2014-06-14,-77,-14,738
602,2014-06-13,-79,-10,739
600,2014-06-12,-79,-6,739
599,2014-06-11,-80,-13,740
598,2014-06-10,-77,-14,741
597,2014-06-09,-79,-8,742
596,2014-06-08,-80,-13,744
594,2014-06-07,-79,-12,745
595,2014-06-05,-80,-8,743
593,2014-06-04,-80,-11,743
592,2014-06-03,-79,-14,745
591,2014-06-02,-80,-20,746
590,2014-06-01,-79,-19,746
587,2014-05-31,-81,-16,746
589,2014-05-30,-81,-8,746
588,2014-05-29,-80,-10,748
586,2014-05-28,-80,-14,748
585,2014-05-27,-80,-19,749
584,2014-05-26,-81,-19,749
583,2014-05-25,-81,-11,750
581,2014-05-24,-80,-16,750
579,2014-05-23,-80,-12,751
580,2014-05-22,-80,-18,752
582,2014-05-21,-81,-19,752
578,2014-05-20,-82,-10,754
577,2014-05-19,-82,-20,753
574,2014-05-18,-81,-15,754
575,2014-05-17,-79,-18,755
576,2014-05-16,-81,-18,756
573,2014-05-15,-82,-20,757
572,2014-05-14,-84,-24,759
571,2014-05-13,-81,-23,759
570,2014-05-12,-82,-19,759
567,2014-05-11,-82,-21,760
569,2014-05-10,-81,-24,761
568,2014-05-09,-82,-19,762
566,2014-05-08,-83,-21,763
565,2014-05-07,-84,-19,763
564,2014-05-06,-82,-21,765
563,2014-05-05,-83,-19,765
560,2014-05-04,-82,-22,766
562,2014-05-03,-83,-23,769
561,2014-05-02,-84,-19,769
559,2014-05-01,-82,-19,769
558,2014-04-29,-83,-23,771
557,2014-04-28,-82,-19,772
556,2014-04-27,-84,-21,773
553,2014-04-26,-85,-27,774
555,2014-04-25,-84,-23,775
554,2014-04-24,-85,-20,776
552,2014-04-23,-84,-20,777
551,2014-04-22,-85,-21,777
550,2014-04-21,-83,-28,779
549,2014-04-20,-84,-27,780
547,2014-04-19,-83,-22,781
546,2014-04-18,-84,-17,782
548,2014-04-17,-83,-15,783
545,2014-04-16,-82,-22,784
544,2014-04-15,-82,-25,785
541,2014-04-14,-81,-25,787
543,2014-04-13,-84,-20,788
542,2014-04-12,-84,-25,787
540,2014-04-11,-84,-26,790
539,2014-04-10,-82,-24,791
538,2014-04-09,-83,-25,792
537,2014-04-08,-83,-22,793
536,2014-04-07,-83,-23,795
534,2014-04-06,-83,-26,795
533,2014-04-05,-82,-26,795
535,2014-04-04,-82,-26,797
531,2014-04-03,-85,-27,798
532,2014-04-02,-84,-24,799
530,2014-04-01,-85,-28,801
529,2014-03-31,-82,-24,802
527,2014-03-30,-83,-26,802
528,2014-03-29,-82,-25,804
526,2014-03-28,-82,-27,806
525,2014-03-27,-84,-27,807
524,2014-03-26,-84,-28,808
523,2014-03-25,-83,-24,810
522,2014-03-24,-82,-22,811
521,2014-03-22,-83,-23,812
519,2014-03-21,-84,-27,813
520,2014-03-20,-84,-26,815
518,2014-03-19,-82,-26,816
517,2014-03-18,-85,-23,817
516,2014-03-17,-84,-27,819
514,2014-03-16,-85,-27,820
515,2014-03-15,-84,-26,821
513,2014-03-14,-84,-26,823
512,2014-03-13,-85,-27,825
511,2014-03-12,-86,-28,825
510,2014-03-11,-86,-28,827
507,2014-03-10,-86,-27,829
508,2014-03-09,-85,-27,830
509,2014-03-08,-86,-27,831
505,2014-03-07,-87,-31,833
506,2014-03-06,-85,-23,834
504,2014-03-05,-85,-23,835
503,2014-03-04,-86,-23,836
502,2014-03-03,-85,-27,838
500,2014-03-02,-85,-26,839
498,2014-03-01,-85,-29,840
501,2014-02-28,-85,-29,842
499,2014-02-27,-85,-31,843
497,2014-02-26,-84,-22,843
496,2014-02-25,-84,-26,845
493,2014-02-24,-86,-29,847
495,2014-02-23,-85,-28,848
494,2014-02-22,-85,-27,850
492,2014-02-21,-87,-23,851
491,2014-02-20,-86,-28,852
488,2014-02-19,-85,-29,853
489,2014-02-18,-85,-34,855
490,2014-02-17,-85,-29,856
487,2014-02-16,-86,-27,857
486,2014-02-15,-84,-26,858
477,2014-02-13,-85,-28,859
482,2014-02-12,-84,-27,861
481,2014-02-11,-84,-29,862
476,2014-02-10,-85,-23,864
472,2014-02-09,-85,-25,865
469,2014-02-08,-83,-28,865
470,2014-02-07,-83,-29,867
468,2014-02-06,-88,-29,868
467,2014-02-05,-86,-29,869
466,2014-02-04,-87,-30,871
464,2014-02-03,-88,-23,872
465,2014-02-02,-87,-22,872
463,2014-02-01,-87,-28,873
462,2014-01-31,-87,-23,875
461,2014-01-30,-86,-26,876
460,2014-01-29,-86,-23,877
459,2014-01-28,-87,-24,878
456,2014-01-27,-87,-29,878
457,2014-01-26,-85,-27,880
458,2014-01-25,-85,-25,881
455,2014-01-24,-85,-26,881
454,2014-01-23,-87,-26,882
453,2014-01-22,-86,-24,884
452,2014-01-21,-86,-25,884
451,2014-01-20,-85,-29,885
448,2014-01-19,-86,-27,885
449,2014-01-18,-86,-25,888
450,2014-01-17,-86,-23,888
447,2014-01-16,-86,-29,888
445,2014-01-15,-86,-29,889
444,2014-01-14,-86,-24,890
446,2014-01-13,-85,-31,892
441,2014-01-12,-85,-31,892
443,2014-01-11,-86,-30,895
442,2014-01-10,-83,-29,893
440,2014-01-09,-85,-25,894
439,2014-01-08,-86,-27,894
438,2014-01-06,-85,-29,895
436,2014-01-05,-85,-29,895
483,2014-01-04,-86,-28,897
437,2014-01-03,-87,-30,898
435,2014-01-02,-86,-28,898
430,2014-01-01,-85,-23,897
432,2013-12-31,-84,-30,899
424,2013-12-30,-86,-28,901
425,2013-12-29,-86,-30,901
428,2013-12-28,-85,-26,901
431,2013-12-27,-86,-26,900
429,2013-12-26,-85,-24,902
426,2013-12-25,-84,-32,902
427,2013-12-24,-86,-30,903
433,2013-12-23,-86,-30,903
434,2013-12-22,-87,-31,903
423,2013-12-21,-85,-29,904
480,2013-12-20,-87,-23,903
473,2013-12-19,-85,-30,904
422,2013-12-18,-84,-31,904
421,2013-12-09,-85,-26,907
418,2013-12-08,-85,-25,906
419,2013-12-07,-85,-28,906
420,2013-12-06,-84,-26,906
417,2013-12-05,-86,-29,907
416,2013-12-04,-84,-31,907
479,2013-12-03,-84,-26,906
475,2013-12-02,-85,-26,907
413,2013-11-30,-85,-29,908
414,2013-11-29,-85,-29,907
411,2013-11-28,-84,-28,907
415,2013-11-27,-85,-26,907
412,2013-11-26,-85,-23,906
410,2013-11-25,-84,-26,906
409,2013-11-24,-86,-26,906
406,2013-11-17,-83,-26,905
407,2013-11-16,-84,-28,905
403,2013-11-04,-81,-24,901
405,2013-11-03,-80,-22,900
402,2013-11-02,-81,-23,900
404,2013-11-01,-80,-25,899
401,2013-10-31,-80,-21,899
400,2013-10-30,-79,-26,899
399,2013-10-29,-82,-27,898
398,2013-10-28,-81,-24,897
396,2013-10-27,-81,-24,896
397,2013-10-26,-80,-25,896
394,2013-10-24,-81,-26,895
395,2013-10-23,-80,-26,896
389,2013-10-22,-83,-24,895
390,2013-10-21,-82,-24,896
387,2013-10-20,-82,-21,895
391,2013-10-19,-81,-23,894
392,2013-10-18,-81,-21,893
388,2013-10-17,-79,-22,893
393,2013-10-16,-81,-21,893
386,2013-10-15,-81,-22,893
383,2013-10-14,-81,-24,892
384,2013-10-13,-82,-20,891
382,2013-10-12,-81,-24,890
385,2013-10-11,-80,-19,892
381,2013-10-10,-82,-24,891
380,2013-10-09,-79,-21,891
379,2013-10-08,-82,-21,890
378,2013-10-07,-79,-18,889
377,2013-10-06,-82,-19,890
375,2013-10-05,-79,-18,889
376,2013-10-04,-82,-22,888
371,2013-10-03,-80,-22,888
372,2013-10-02,-82,-17,887
373,2013-10-01,-81,-14,888
368,2013-09-30,-81,-17,887
369,2013-09-29,-80,-16,887
370,2013-09-28,-81,-17,887
374,2013-09-27,-81,-15,886
366,2013-09-26,-82,-25,885
367,2013-09-25,-78,-20,884
364,2013-09-24,-80,-18,883
365,2013-09-23,-78,-18,883
362,2013-09-22,-79,-15,882
363,2013-09-21,-79,-16,881
361,2013-09-20,-79,-16,881
360,2013-09-19,-79,-14,880
359,2013-09-18,-75,-15,880
358,2013-09-16,-78,-15,879
357,2013-09-15,-77,-20,878
356,2013-09-14,-79,-18,878
355,2013-09-13,-76,-18,877
354,2013-09-12,-77,-17,876
353,2013-09-11,-78,-17,875
352,2013-09-10,-78,-16,875
348,2013-09-09,-79,-14,875
350,2013-09-08,-79,-13,875
349,2013-09-07,-78,-13,874
347,2013-09-06,-77,-12,873
351,2013-09-05,-78,-12,874
346,2013-09-04,-77,-12,875
342,2013-09-03,-77,-12,874
344,2013-09-02,-76,-14,872
345,2013-09-01,-79,-13,871
343,2013-08-31,-79,-13,870
341,2013-08-30,-79,-12,870
339,2013-08-29,-78,-18,869
338,2013-08-28,-78,-12,870
340,2013-08-27,-78,-11,870
336,2013-08-26,-77,-9,867
337,2013-08-25,-79,-9,866
335,2013-08-24,-79,-8,866
334,2013-08-23,-76,-9,866
333,2013-08-22,-77,-11,865
332,2013-08-21,-79,-9,865
331,2013-08-20,-75,-9,865
330,2013-08-19,-77,-9,863
328,2013-08-18,-76,-9,862
326,2013-08-17,-76,-12,861
325,2013-08-07,-76,-7,857
324,2013-08-06,-77,-7,856
321,2013-08-05,-75,-7,857
322,2013-08-04,-75,-13,857
323,2013-08-03,-75,-8,855
319,2013-08-02,-77,-9,854
320,2013-08-01,-75,-12,853
318,2013-07-31,-76,-6,853
316,2013-07-30,-75,-12,852
315,2013-07-29,-74,-8,850
313,2013-07-28,-77,-9,851
314,2013-07-27,-76,-7,853
312,2013-07-26,-77,-7,853
317,2013-07-25,-77,-6,851
311,2013-07-24,-77,-11,850
309,2013-07-23,-76,-7,851
310,2013-07-22,-77,-6,852
307,2013-07-21,-76,-6,851
308,2013-07-20,-76,-8,849
306,2013-07-19,-78,-7,848
304,2013-07-18,-75,-7,853
305,2013-07-17,-76,-8,852
302,2013-07-16,-76,-7,852
301,2013-07-15,-74,-6,852
299,2013-07-14,-75,-5,849
300,2013-07-13,-76,-5,849
303,2013-07-12,-74,-3,848
297,2013-07-11,-75,-5,848
298,2013-07-10,-74,-7,847
293,2013-07-09,-75,-5,847
296,2013-07-08,-74,-8,848
295,2013-07-07,-72,-5,848
294,2013-07-06,-74,-8,847
292,2013-07-04,-75,-8,850
290,2013-07-03,-74,-6,847
291,2013-07-02,-74,-5,849
289,2013-07-01,-75,-5,847
269,2013-06-30,-74,-4,846
271,2013-06-29,-73,-3,847
270,2013-06-28,-74,-4,849
268,2013-06-27,-72,-4,849
288,2013-06-26,-74,-16,851
273,2013-06-25,-74,-10,850
272,2013-06-24,-73,-11,848
274,2013-06-23,-77,-14,849
285,2013-06-22,-71,-11,845
277,2013-06-21,-74,-8,846
278,2013-06-20,-71,-9,849
284,2013-06-19,-72,-7,848
282,2013-06-18,-73,-5,850
279,2013-06-17,-72,-8,851
280,2013-06-16,-71,-8,848
275,2013-06-15,-71,-5,847
281,2013-06-14,-70,-6,848
283,2013-06-13,-71,-8,849
287,2013-06-12,-71,-3,850
276,2013-06-11,-73,-6,852
286,2013-06-10,-72,-8,852
267,2013-06-09,-71,-8,849
266,2013-06-08,-72,-3,850
265,2013-06-07,-72,-7,849
264,2013-06-06,-71,-9,850
263,2013-06-05,-71,-15,853
262,2013-06-04,-72,-4,852
261,2013-06-03,-72,-4,850
260,2013-06-02,-71,-1,853
259,2013-06-01,-70,-4,853
258,2013-05-31,-71,-3,853
257,2013-05-30,-71,-3,854
256,2013-05-29,-69,-4,854
255,2013-05-27,-72,-3,856
254,2013-05-26,-71,-2,854
253,2013-05-25,-70,-5,852
252,2013-05-24,-71,-3,854
251,2013-05-23,-68,-4,854
250,2013-05-22,-72,-2,856
249,2013-05-21,-68,-2,855
248,2013-05-20,-69,-4,856
247,2013-05-19,-68,-5,856
246,2013-05-18,-67,-3,855
245,2013-05-17,-69,-4,857
244,2013-05-16,-69,-4,858
169,2013-05-15,-67,-6,860
168,2013-05-14,-70,-2,861
167,2013-05-13,-70,-4,861
166,2013-05-12,-71,-5,864
165,2013-05-11,-69,-6,864
164,2013-05-10,-67,-6,863
162,2013-05-09,-72,-3,866
161,2013-05-08,-70,-5,864
158,2013-05-01,-70,-4,868
157,2013-04-30,-70,-11,875
155,2013-04-29,-72,-3,871
154,2013-04-28,-71,-9,869
153,2013-04-27,-70,-1,871
152,2013-04-26,-70,-2,871
151,2013-04-25,-69,-5,877
150,2013-04-24,-70,-3,871
149,2013-04-23,-71,-6,877
148,2013-04-22,-71,-8,874
147,2013-04-20,-71,-2,876
146,2013-04-19,-70,-2,877
144,2013-04-18,-69,-3,873
143,2013-04-17,-70,-4,877
142,2013-04-16,-71,-4,873
141,2013-04-15,-73,-1,878
140,2013-04-14,-70,-6,879
139,2013-04-13,-69,-6,878
138,2013-04-12,-71,-7,884
137,2013-04-11,-70,-7,881
136,2013-04-10,-72,0,884
135,2013-04-09,-70,-6,884
133,2013-04-08,-73,-1,885
132,2013-04-07,-70,-2,885
131,2013-04-06,-71,-5,883
130,2013-04-05,-72,-3,886
129,2013-04-04,-70,0,886
128,2013-04-03,-69,-4,890
127,2013-04-02,-69,-3,889
126,2013-04-01,-69,-5,888
125,2013-03-31,-71,-6,890
124,2013-03-30,-69,0,888
122,2013-03-29,-69,-4,894
121,2013-03-28,-71,-3,894
120,2013-03-27,-70,4,892
119,2013-03-26,-70,1,894
118,2013-03-25,-71,-8,894
117,2013-03-24,-69,-1,894
116,2013-03-23,-71,-5,895
109,2013-02-26,-66,0,917
108,2013-02-25,-67,-2,914
107,2013-02-24,-68,-3,915
106,2013-02-23,-66,-3,916
103,2013-02-18,-67,-3,921
102,2013-02-17,-66,-3,917
100,2013-02-16,-68,-2,920
99,2013-02-15,-68,-3,920
98,2013-02-14,-67,-1,921
97,2013-02-13,-66,-2,922
96,2013-02-12,-67,-5,923
95,2013-02-11,-67,0,923
94,2013-02-10,-67,-1,921
93,2013-02-09,-67,0,921
92,2013-02-08,-67,1,918
91,2013-02-07,-67,-1,919
89,2013-02-06,-66,-7,920
88,2013-02-04,-66,-2,920
87,2013-02-03,-66,-1,921
86,2013-02-02,-67,0,920
85,2013-02-01,-68,-4,921
84,2013-01-31,-67,0,921
83,2013-01-30,-67,0,920
82,2013-01-29,-67,0,923
81,2013-01-28,-67,1,925
80,2013-01-27,-66,0,925
78,2013-01-26,-66,0,922
77,2013-01-25,-66,1,923
76,2013-01-24,-65,-3,920
75,2013-01-23,-65,-5,922
74,2013-01-22,-65,-3,922
73,2013-01-21,-64,-1,919
72,2013-01-20,-65,-1,919
71,2013-01-19,-65,-1,919
70,2013-01-18,-65,-2,919
69,2013-01-17,-67,-3,919
67,2013-01-16,-65,-4,918
66,2013-01-15,-66,-3,922
65,2013-01-14,-64,-2,920
64,2013-01-13,-65,0,922
63,2013-01-12,-64,0,917
62,2013-01-11,-65,-2,917
61,2013-01-10,-65,1,915
60,2013-01-09,-63,1,914
59,2013-01-08,-65,-3,915
58,2013-01-07,-64,-3,913
56,2013-01-06,-65,0,914
55,2013-01-05,-65,-3,912
54,2013-01-04,-65,0,914
53,2013-01-03,-65,-1,908
52,2013-01-02,-64,-1,909
51,2013-01-01,-64,2,907
50,2012-12-31,-63,-2,908
49,2012-12-29,-65,0,906
48,2012-12-28,-64,-2,904
47,2012-12-27,-66,-2,903
45,2012-12-26,-66,0,899
44,2012-12-25,-65,-1,899
43,2012-12-24,-64,-1,896
42,2012-12-23,-65,-1,897
41,2012-12-22,-65,-5,894
40,2012-12-21,-67,-1,893
39,2012-12-20,-65,1,891
38,2012-12-19,-65,-6,890
37,2012-12-18,-65,-8,889
36,2012-12-17,-65,-9,888
34,2012-12-16,-65,-2,886
33,2012-12-15,-67,-3,883
32,2012-12-14,-67,-1,884
31,2012-12-13,-66,-4,880
30,2012-12-12,-68,-5,880
29,2012-12-11,-66,-5,876
28,2012-12-10,-66,-10,875
27,2012-12-09,-65,-3,869
26,2012-12-08,-66,0,869
25,2012-12-07,-67,-3,867
23,2012-12-06,-66,-6,866
22,2012-12-05,-65,-6,864
21,2012-12-04,-66,-5,861
20,2012-12-03,-67,-6,859
19,2012-12-02,-66,-8,857
18,2012-12-01,-69,-6,857
17,2012-11-30,-66,-6,857
16,2012-11-29,-65,-8,852
15,2012-11-28,-66,-4,849
14,2012-11-27,-65,-5,848
12,2012-11-26,-64,-3,844
11,2012-11-25,-65,-4,845
10,2012-11-24,-66,-5,844
9,2012-11-23,-66,-8,841
8,2012-11-21,-66,-6,839
7,2012-11-20,-67,-5,838
6,2012-11-19,-66,-3,836
5,2012-11-18,-67,-3,833
4,2012-11-17,-65,-2,830
3,2012-11-16,-66,-1,829
242,2012-11-15,-68,-1,829
241,2012-11-14,-68,-1,828
240,2012-11-13,-68,-3,828
239,2012-11-12,-71,2,826
238,2012-11-11,-68,0,822
237,2012-11-10,-70,0,822
236,2012-11-09,-72,-1,819
235,2012-11-08,-74,-1,820
234,2012-11-07,-74,-1,817
233,2012-11-06,-71,0,813
231,2012-11-05,-73,-1,813
230,2012-11-04,-70,-2,811
229,2012-11-03,-70,-2,808
228,2012-11-02,-71,-4,808
227,2012-11-01,-71,-1,805
226,2012-10-31,-70,0,801
225,2012-10-30,-72,0,801
224,2012-10-29,-72,0,799
223,2012-10-28,-72,-2,798
222,2012-10-27,-70,-3,796
221,2012-10-26,-73,-1,795
220,2012-10-25,-71,0,793
219,2012-10-24,-71,0,792
218,2012-10-23,-73,-1,792
217,2012-10-22,-73,-1,791
216,2012-10-21,-72,-5,790
215,2012-10-20,-70,0,788
214,2012-10-19,-73,-2,785
213,2012-10-18,-71,-2,784
212,2012-10-17,-72,-1,783
211,2012-10-15,-73,0,778
210,2012-10-14,-71,-2,781
209,2012-10-13,-73,-6,780
208,2012-10-12,-73,-2,778
207,2012-10-11,-72,-2,777
206,2012-10-10,-74,0,776
205,2012-10-09,-73,0,775
204,2012-10-08,-72,-1,774
203,2012-10-07,-72,-2,772
202,2012-10-06,-75,-2,772
201,2012-10-05,-76,-1,771
200,2012-10-04,-74,-3,769
199,2012-10-03,-73,-3,769
198,2012-10-02,-73,-4,768
197,2012-10-01,-74,-2,766
196,2012-09-30,-72,-9,766
195,2012-09-29,-71,-5,764
194,2012-09-28,-74,-7,762
193,2012-09-27,-76,-7,762
192,2012-09-26,-72,-10,761
191,2012-09-25,-74,-10,761
190,2012-09-24,-75,0,759
189,2012-09-23,-75,-9,758
188,2012-09-22,-74,-12,758
187,2012-09-21,-74,-9,758
186,2012-09-20,-75,-10,757
185,2012-09-19,-74,-12,756
184,2012-09-18,-75,-7,754
183,2012-09-17,-75,-12,753
182,2012-09-16,-75,-12,753
181,2012-09-15,-75,-8,751
180,2012-09-14,-73,-13,750
179,2012-09-13,-73,0,750
178,2012-09-12,-73,-1,750
177,2012-09-11,-73,-1,749
176,2012-09-10,-73,1,748
175,2012-09-08,-73,-2,748
173,2012-09-06,-74,-23,745
172,2012-09-05,-74,-3,747
171,2012-09-04,-75,-2,747
170,2012-09-03,-75,-15,745
163,2012-09-02,-75,-15,743
156,2012-09-01,-76,-14,745
145,2012-08-31,-75,-11,743
134,2012-08-30,-75,-7,742
123,2012-08-29,-75,-16,741
114,2012-08-28,-74,-6,742
112,2012-08-27,-74,-3,741
79,2012-08-23,-76,-4,742
68,2012-08-22,-77,0,740
57,2012-08-21,-78,-15,740
46,2012-08-20,-74,-16,740
35,2012-08-19,-74,-15,732
24,2012-08-18,-76,-18,741
13,2012-08-17,-76,-11,740
2,2012-08-16,-75,-16,739